,Actual,Random Walk,"ARIMA(1,0,1)",SVR,Quantile VAR (QVAR),Quantile LSTM
2024-03-24,-0.7774053274104711,-2.4951881964215645,-2.792789454932928,-1.5439062802791472,-3.2827118937613173,-2.045321402596409
2024-03-25,-1.2127404043397814,-2.4951881964215645,-2.649854534670024,-1.799219914339888,-0.5142871488922016,-2.232275946284701
2024-03-26,-0.7526355653768049,-2.4951881964215645,-2.576229757817815,-1.9885348065551605,-4.031487697029121,-2.4124930025382345
2024-03-27,1.3731031765531112,-2.4951881964215645,-2.538306150650529,-1.7815128188325111,-1.2200662536495313,-2.5664147992538444
2024-03-28,0.4931266644895267,-2.4951881964215645,-2.5187719660720744,-1.6653750684068382,-3.8277590414498253,-2.662661413900991
2024-03-29,-0.7946403056505582,-2.4951881964215645,-2.50871004433921,-1.6044754700696078,-1.5429159010967095,-2.759372458556674
2024-03-30,0.7699011496700341,-2.4951881964215645,-2.5035272188902296,-1.3457755002361074,-3.6648517629010375,-2.7667682137346237
2024-03-31,0.1456163240220606,-2.4951881964215645,-2.5008575817823537,-2.128002359335607,-1.7540213601183732,-2.7712445319576537
2024-04-01,1.4529674857993338,-2.4951881964215645,-2.499482470396121,-2.062855637708254,-3.478650495484226,-2.774699787147211
2024-04-02,-1.0530796408160286,-2.4951881964215645,-2.4987741601471485,-1.6157317420032276,-1.9258329126005989,-2.777007301790463
2024-04-03,-0.4914932198966523,-2.4951881964215645,-2.498409314496227,-1.3374503899697552,-3.332569914646652,-2.7787391573895213
2024-04-04,-0.5881622296982365,-2.4951881964215645,-2.4982213850554356,-1.2442498482166688,-2.0602029434708924,-2.7789290923509955
2024-04-05,-2.195272422198178,-2.4951881964215645,-2.49812458391603,-2.2216478876217938,-3.209890129713763,-2.7790235719850847
2024-04-06,0.44418041559686405,-2.4951881964215645,-2.498074722326751,-1.5580006917835374,-2.171473383805885,-2.7790967489822282
2024-04-07,0.391582908269834,-2.4951881964215645,-2.4980490389711556,-1.666559573096452,-3.1101053377592294,-2.7791471598024824
2024-04-08,0.007670184963691335,-2.4951881964215645,-2.4980358096544775,-1.735270713065602,-2.261592696290682,-2.7791787072190286
2024-04-09,-0.3518807000627204,-2.4951881964215645,-2.4980289953260644,-1.7389202442115765,-3.0284903878679756,-2.779182935223308
